Variable,Morans_I,Expected_I,Variance,Z_score,p_value,Interpretation
GVI,0.5204320260511954,-5.780346820809249e-4,2.0977559897674937e-4,35.972334627576295,1.132799541961646e-283,Significant clustering
IMD Score,0.5121985484841551,-5.780346820809249e-4,2.1019112342758056e-4,35.368854826558646,2.5723031192376815e-274,Significant clustering
OLS Residuals,0.5123965774584777,-5.780346820809249e-4,2.0977364444545404e-4,35.417704493265454,4.5587972574663464e-275,Significant clustering
